{
  "thumb": "thumb.jpg",
  "mark": "mark.png",
  "background": "bg_launcher.jpg",
  "textColor": "#ffffff",
  "prev": [
    "im_preview_1.jpg",
    "im_preview_2.jpg"
  ],
  "folder": {
    "color": "#293B35",
    "big": "folder_big.png",
    "radius": "11"
  },
  "library": {
    "image": "im_library.png"
  },
  "dock": {
    "image": "im_dock.png"
  },
  "search": {
    "small": "small_search.png",
    "big": "big_search.png",
    "other": "other_search.png",
    "chunk": "[1,2,2,9,32,0,0,0,40,0,0,0,50,0,0,0,49,0,0,0,49,0,0,0,51,0,0,0,48,0,0,0,50,0,0,0,62,0,0,0,49,0,0,0,60,0,0,0,1,0,0,0,1,0,0,0,1,0,0,0,1,0,0,0,52,58,41,-90,1,0,0,0,1,0,0,0,1,0,0,0,1,0,0,0]"
  },
  "controlCenter": {
    "colorIcon": "#ffffff",
    "imgBig": "control_big.png",
    "imgSmall": "control_small.png",
    "imgSmallOn": "control_small_on.png",
    "imgHor": "control_hor.png",
    "imgVer": "control_ver.png",
    "imgVerPro": "control_small_pro.png",
    "chunk": "[1,2,2,9,32,0,0,0,40,0,0,0,105,0,0,0,104,0,0,0,103,0,0,0,106,0,0,0,48,0,0,0,105,0,0,0,106,0,0,0,103,0,0,0,104,0,0,0,1,0,0,0,1,0,0,0,1,0,0,0,1,0,0,0,52,58,41,-90,1,0,0,0,1,0,0,0,1,0,0,0,1,0,0,0]"
  },
  "notification": {
    "colorBg": "#ffffff",
    "colorText": "#ffffff",
    "imgBg": "img_notification.png",
    "imgBgOne": "img_one.png",
    "imgBgTwo": "img_two.png",
    "chunk": "[1,2,2,9,32,0,0,0,40,0,0,0,62,0,0,0,60,0,0,0,60,0,0,0,62,0,0,0,48,0,0,0,62,0,0,0,63,0,0,0,60,0,0,0,61,0,0,0,1,0,0,0,1,0,0,0,1,0,0,0,1,0,0,0,52,58,41,-90,1,0,0,0,1,0,0,0,1,0,0,0,1,0,0,0]"
  },
  "iconOther": {
    "imageAdd": "im_add.png",
    "imageDone": "im_done.png",
    "imageDelete": "im_del.png"
  },
  "apps": [
  {
    "name": "app_icon",
    "pkg": "com.remi.launcher"
  },
  {
    "name": "behance_icon",
    "pkg": "com.behance.behance"
  },
  {
    "name": "calculator_icon",
    "pkg": "com.google.android.calculator"
  },
  {
    "name": "calendar_icon",
    "pkg": "com.google.android.calendar"
  },
  {
    "name": "camera_icon",
    "pkg": "com.google.android.GoogleCamera"
  },
  {
    "name": "chrome_icon",
    "pkg": "com.android.chrome"
  },
  {
    "name": "clock_icon",
    "pkg": "com.google.android.deskclock"
  },
  {
    "name": "compass_icon",
    "pkg": "com.vincentlee.compass"
  },
  {
    "name": "contact_icon",
    "pkg": "com.google.android.contacts"
  },
  {
    "name": "drive_icon",
    "pkg": "com.google.android.apps.docs"
  },
  {
    "name": "facebook_icon",
    "pkg": "com.facebook.katana"
  },
  {
    "name": "gmail_icon",
    "pkg": "com.google.android.gm"
  },
  {
    "name": "google_icon",
    "pkg": "com.google.android.googlequicksearchbox"
  },
  {
    "name": "google_maps_icon",
    "pkg": "com.google.android.apps.maps"
  },
  {
    "name": "health_icon",
    "pkg": "com.sec.android.app.shealth"
  },
  {
    "name": "ic_book",
    "pkg": "com.google.android.apps.books"
  },
  {
    "name": "ic_facetime",
    "pkg": "com.google.android.apps.tachyon"
  },
  {
    "name": "ic_files",
    "pkg": "com.google.android.apps.nbu.files"
  },
  {
    "name": "ic_home",
    "pkg": "com.google.android.apps.chromecast.app"
  },
  {
    "name": "ic_message",
    "pkg": "com.google.android.apps.messaging"
  },
  {
    "name": "ic_messenger",
    "pkg": "com.facebook.orca"
  },
  {
    "name": "ic_news",
    "pkg": "com.google.android.apps.magazines"
  },
  {
    "name": "ic_phone",
    "pkg": "com.google.android.dialer"
  },
  {
    "name": "ic_radio",
    "pkg": "com.maxxt.pcradio"
  },
  {
    "name": "ic_stocks",
    "pkg": "com.yahoo.mobile.client.android.finance"
  },
  {
    "name": "ic_telegram",
    "pkg": "org.telegram.messenger"
  },
  {
    "name": "ic_tik_tok",
    "pkg": "com.ss.android.ugc.trill"
  },
  {
    "name": "ic_tips",
    "pkg": "com.google.android.marvin.talkback"
  },
  {
    "name": "ic_tv",
    "pkg": "com.google.android.videos"
  },
  {
    "name": "ic_videos",
    "pkg": "free.tube.premium.advanced.tuber"
  },
  {
    "name": "instagram_icon",
    "pkg": "com.instagram.android"
  },
  {
    "name": "linkedln_icon",
    "pkg": "com.linkedin.android"
  },
  {
    "name": "music_icon",
    "pkg": "com.google.android.apps.youtube.music"
  },
  {
    "name": "notes_icon",
    "pkg": "com.google.android.keep"
  },
  {
    "name": "photos_icon",
    "pkg": "com.google.android.apps.photos"
  },
  {
    "name": "pinterest_icon",
    "pkg": "com.pinterest"
  },
  {
    "name": "reddit_icon",
    "pkg": "com.reddit.frontpage"
  },
  {
    "name": "safari_icon",
    "pkg": "com.sec.android.app.sbrowser"
  },
  {
    "name": "settings_icon",
    "pkg": "com.android.settings"
  },
  {
    "name": "snapchat_icon",
    "pkg": "com.snapchat.android"
  },
  {
    "name": "spotify_icon",
    "pkg": "com.spotify.music"
  },
  {
    "name": "store_icon",
    "pkg": "com.android.vending"
  },
  {
    "name": "translate_icon",
    "pkg": "com.google.android.apps.translate"
  },
  {
    "name": "twitter_icon",
    "pkg": "com.twitter.android"
  },
  {
    "name": "vimeo_icon",
    "pkg": "com.vimeo.android.videoapp"
  },
  {
    "name": "voice_memos_icon",
    "pkg": "com.google.android.apps.googleassistant"
  },
  {
    "name": "wallpaper_icon",
    "pkg": "com.remi.launcher.wallpaper"
  },
  {
    "name": "weather_icon",
    "pkg": "com.remi.launcher.weather"
  },
  {
    "name": "youtube_icon",
    "pkg": "com.google.android.youtube"
  }
]
}